Tri;Taille;Permutations;Comparaisons
Bubble;10;20;45
Insert;10;20;28
Select;10;6;45
Quick;10;10;28
Fusion;10;13;24
Heap;10;26;55
Bubble;10;16;45
Insert;10;16;24
Select;10;6;45
Quick;10;18;21
Fusion;10;13;23
Heap;10;26;54
Bubble;10;16;45
Insert;10;16;22
Select;10;6;45
Quick;10;24;25
Fusion;10;12;23
Heap;10;25;54
Bubble;10;18;45
Insert;10;18;25
Select;10;8;45
Quick;10;20;19
Fusion;10;13;22
Heap;10;24;53
Bubble;10;26;45
Insert;10;26;32
Select;10;6;45
Quick;10;28;21
Fusion;10;12;24
Heap;10;24;55
Bubble;10;19;45
Insert;10;19;26
Select;10;7;45
Quick;10;22;22
Fusion;10;14;23
Heap;10;27;58
Bubble;10;35;45
Insert;10;35;42
Select;10;7;45
Quick;10;18;21
Fusion;10;7;19
Heap;10;18;52
Bubble;10;27;45
Insert;10;27;36
Select;10;7;45
Quick;10;16;27
Fusion;10;9;21
Heap;10;21;54
Bubble;10;24;45
Insert;10;24;30
Select;10;8;45
Quick;10;30;23
Fusion;10;11;23
Heap;10;22;52
Bubble;10;30;45
Insert;10;30;36
Select;10;8;45
Quick;10;26;21
Fusion;10;6;19
Heap;10;20;53
Bubble;20;105;190
Insert;20;105;120
Select;20;15;190
Quick;20;82;64
Fusion;20;29;61
Heap;20;63;163
Bubble;20;110;190
Insert;20;110;126
Select;20;16;190
Quick;20;120;92
Fusion;20;29;64
Heap;20;58;149
Bubble;20;102;190
Insert;20;102;118
Select;20;18;190
Quick;20;66;67
Fusion;20;29;59
Heap;20;60;154
Bubble;20;68;190
Insert;20;68;85
Select;20;14;190
Quick;20;32;74
Fusion;20;38;66
Heap;20;67;154
Bubble;20;102;190
Insert;20;102;120
Select;20;18;190
Quick;20;64;78
Fusion;20;31;59
Heap;20;60;149
Bubble;20;105;190
Insert;20;105;121
Select;20;15;190
Quick;20;68;68
Fusion;20;33;66
Heap;20;59;153
Bubble;20;83;190
Insert;20;83;99
Select;20;15;190
Quick;20;66;61
Fusion;20;36;67
Heap;20;65;155
Bubble;20;109;190
Insert;20;109;124
Select;20;19;190
Quick;20;64;61
Fusion;20;33;66
Heap;20;62;160
Bubble;20;125;190
Insert;20;125;140
Select;20;17;190
Quick;20;70;61
Fusion;20;32;59
Heap;20;60;159
Bubble;20;76;190
Insert;20;76;90
Select;20;16;190
Quick;20;74;72
Fusion;20;37;66
Heap;20;65;157
Bubble;30;235;435
Insert;30;235;262
Select;30;27;435
Quick;30;118;139
Fusion;30;56;110
Heap;30;118;301
Bubble;30;157;435
Insert;30;157;182
Select;30;27;435
Quick;30;102;132
Fusion;30;65;110
Heap;30;126;294
Bubble;30;226;435
Insert;30;226;250
Select;30;26;435
Quick;30;134;118
Fusion;30;54;113
Heap;30;105;272
Bubble;30;177;435
Insert;30;177;203
Select;30;23;435
Quick;30;122;118
Fusion;30;58;114
Heap;30;118;297
Bubble;30;243;435
Insert;30;243;269
Select;30;27;435
Quick;30;114;111
Fusion;30;61;114
Heap;30;116;295
Bubble;30;237;435
Insert;30;237;261
Select;30;29;435
Quick;30;158;128
Fusion;30;56;108
Heap;30;101;276
Bubble;30;185;435
Insert;30;185;211
Select;30;25;435
Quick;30;138;135
Fusion;30;60;113
Heap;30;110;287
Bubble;30;218;435
Insert;30;218;244
Select;30;26;435
Quick;30;98;115
Fusion;30;58;114
Heap;30;104;280
Bubble;30;241;435
Insert;30;241;267
Select;30;27;435
Quick;30;180;138
Fusion;30;64;111
Heap;30;100;268
Bubble;30;269;435
Insert;30;269;292
Select;30;27;435
Quick;30;168;136
Fusion;30;56;112
Heap;30;99;275
Bubble;40;451;780
Insert;40;451;481
Select;40;35;780
Quick;40;280;194
Fusion;40;84;165
Heap;40;161;421
Bubble;40;390;780
Insert;40;390;426
Select;40;34;780
Quick;40;228;203
Fusion;40;84;163
Heap;40;156;420
Bubble;40;399;780
Insert;40;399;434
Select;40;35;780
Quick;40;230;191
Fusion;40;92;169
Heap;40;165;431
Bubble;40;520;780
Insert;40;520;554
Select;40;36;780
Quick;40;166;161
Fusion;40;91;171
Heap;40;157;422
Bubble;40;416;780
Insert;40;416;454
Select;40;36;780
Quick;40;254;203
Fusion;40;90;164
Heap;40;163;417
Bubble;40;397;780
Insert;40;397;434
Select;40;35;780
Quick;40;128;168
Fusion;40;93;162
Heap;40;180;438
Bubble;40;435;780
Insert;40;435;468
Select;40;37;780
Quick;40;270;244
Fusion;40;77;158
Heap;40;150;405
Bubble;40;307;780
Insert;40;307;345
Select;40;33;780
Quick;40;170;259
Fusion;40;88;172
Heap;40;183;447
Bubble;40;394;780
Insert;40;394;431
Select;40;36;780
Quick;40;186;177
Fusion;40;86;162
Heap;40;173;441
Bubble;40;387;780
Insert;40;387;422
Select;40;35;780
Quick;40;252;213
Fusion;40;84;165
Heap;40;164;423
Bubble;50;629;1225
Insert;50;629;673
Select;50;47;1225
Quick;50;296;246
Fusion;50;118;223
Heap;50;220;570
Bubble;50;626;1225
Insert;50;626;671
Select;50;47;1225
Quick;50;250;239
Fusion;50;110;223
Heap;50;217;581
Bubble;50;632;1225
Insert;50;632;678
Select;50;46;1225
Quick;50;222;226
Fusion;50;117;222
Heap;50;228;578
Bubble;50;674;1225
Insert;50;674;717
Select;50;46;1225
Quick;50;270;247
Fusion;50;107;222
Heap;50;205;545
Bubble;50;598;1225
Insert;50;598;646
Select;50;44;1225
Quick;50;364;353
Fusion;50;116;226
Heap;50;225;574
Bubble;50;533;1225
Insert;50;533;581
Select;50;47;1225
Quick;50;188;262
Fusion;50;117;222
Heap;50;230;579
Bubble;50;708;1225
Insert;50;708;752
Select;50;47;1225
Quick;50;254;229
Fusion;50;118;220
Heap;50;212;575
Bubble;50;560;1225
Insert;50;560;606
Select;50;44;1225
Quick;50;242;255
Fusion;50;116;227
Heap;50;233;578
Bubble;50;573;1225
Insert;50;573;621
Select;50;47;1225
Quick;50;174;260
Fusion;50;122;222
Heap;50;231;589
Bubble;50;631;1225
Insert;50;631;677
Select;50;43;1225
Quick;50;290;270
Fusion;50;110;222
Heap;50;219;570
Bubble;60;876;1770
Insert;60;876;930
Select;60;56;1770
Quick;60;390;366
Fusion;60;149;280
Heap;60;278;728
Bubble;60;873;1770
Insert;60;873;927
Select;60;55;1770
Quick;60;260;294
Fusion;60;141;285
Heap;60;278;738
Bubble;60;897;1770
Insert;60;897;954
Select;60;55;1770
Quick;60;276;449
Fusion;60;136;277
Heap;60;292;740
Bubble;60;1006;1770
Insert;60;1006;1063
Select;60;56;1770
Quick;60;342;352
Fusion;60;150;279
Heap;60;264;725
Bubble;60;918;1770
Insert;60;918;973
Select;60;54;1770
Quick;60;478;388
Fusion;60;143;280
Heap;60;279;743
Bubble;60;846;1770
Insert;60;846;903
Select;60;54;1770
Quick;60;326;309
Fusion;60;144;278
Heap;60;298;759
Bubble;60;915;1770
Insert;60;915;970
Select;60;57;1770
Quick;60;260;271
Fusion;60;144;282
Heap;60;294;769
Bubble;60;844;1770
Insert;60;844;900
Select;60;55;1770
Quick;60;234;333
Fusion;60;146;289
Heap;60;287;766
Bubble;60;848;1770
Insert;60;848;904
Select;60;54;1770
Quick;60;306;311
Fusion;60;147;277
Heap;60;273;719
Bubble;60;935;1770
Insert;60;935;992
Select;60;57;1770
Quick;60;266;294
Fusion;60;143;281
Heap;60;275;731
Bubble;70;1471;2415
Insert;70;1471;1533
Select;70;64;2415
Quick;70;398;377
Fusion;70;173;346
Heap;70;334;908
Bubble;70;1084;2415
Insert;70;1084;1153
Select;70;63;2415
Quick;70;384;443
Fusion;70;184;350
Heap;70;344;900
Bubble;70;1239;2415
Insert;70;1239;1305
Select;70;65;2415
Quick;70;396;433
Fusion;70;176;337
Heap;70;353;927
Bubble;70;1275;2415
Insert;70;1275;1338
Select;70;65;2415
Quick;70;508;422
Fusion;70;178;350
Heap;70;336;907
Bubble;70;1013;2415
Insert;70;1013;1080
Select;70;65;2415
Quick;70;310;372
Fusion;70;179;345
Heap;70;367;913
Bubble;70;1113;2415
Insert;70;1113;1178
Select;70;65;2415
Quick;70;336;388
Fusion;70;167;338
Heap;70;357;929
Bubble;70;1186;2415
Insert;70;1186;1249
Select;70;68;2415
Quick;70;436;388
Fusion;70;178;345
Heap;70;346;918
Bubble;70;1240;2415
Insert;70;1240;1301
Select;70;66;2415
Quick;70;556;427
Fusion;70;174;346
Heap;70;335;893
Bubble;70;1330;2415
Insert;70;1330;1393
Select;70;64;2415
Quick;70;466;432
Fusion;70;181;349
Heap;70;336;905
Bubble;70;1288;2415
Insert;70;1288;1353
Select;70;64;2415
Quick;70;452;456
Fusion;70;174;343
Heap;70;330;887
Bubble;80;1502;3160
Insert;80;1502;1575
Select;80;76;3160
Quick;80;504;441
Fusion;80;213;407
Heap;80;417;1099
Bubble;80;1407;3160
Insert;80;1407;1481
Select;80;73;3160
Quick;80;454;471
Fusion;80;215;411
Heap;80;424;1104
Bubble;80;1690;3160
Insert;80;1690;1762
Select;80;76;3160
Quick;80;564;471
Fusion;80;214;415
Heap;80;406;1090
Bubble;80;1770;3160
Insert;80;1770;1845
Select;80;71;3160
Quick;80;434;429
Fusion;80;193;399
Heap;80;402;1091
Bubble;80;1569;3160
Insert;80;1569;1642
Select;80;75;3160
Quick;80;682;493
Fusion;80;210;402
Heap;80;407;1088
Bubble;80;1511;3160
Insert;80;1511;1585
Select;80;73;3160
Quick;80;578;496
Fusion;80;209;413
Heap;80;415;1080
Bubble;80;1681;3160
Insert;80;1681;1755
Select;80;73;3160
Quick;80;532;470
Fusion;80;209;409
Heap;80;392;1064
Bubble;80;1759;3160
Insert;80;1759;1833
Select;80;76;3160
Quick;80;398;410
Fusion;80;204;410
Heap;80;408;1094
Bubble;80;1536;3160
Insert;80;1536;1612
Select;80;74;3160
Quick;80;458;448
Fusion;80;210;411
Heap;80;424;1125
Bubble;80;1562;3160
Insert;80;1562;1635
Select;80;74;3160
Quick;80;678;533
Fusion;80;218;402
Heap;80;411;1068
Bubble;90;2085;4005
Insert;90;2085;2173
Select;90;86;4005
Quick;90;742;719
Fusion;90;250;468
Heap;90;479;1267
Bubble;90;2173;4005
Insert;90;2173;2259
Select;90;87;4005
Quick;90;578;567
Fusion;90;264;481
Heap;90;468;1242
Bubble;90;2134;4005
Insert;90;2134;2217
Select;90;84;4005
Quick;90;688;676
Fusion;90;228;465
Heap;90;481;1285
Bubble;90;1794;4005
Insert;90;1794;1880
Select;90;85;4005
Quick;90;416;564
Fusion;90;255;472
Heap;90;508;1293
Bubble;90;2208;4005
Insert;90;2208;2292
Select;90;86;4005
Quick;90;496;493
Fusion;90;249;473
Heap;90;471;1266
Bubble;90;2085;4005
Insert;90;2085;2172
Select;90;87;4005
Quick;90;454;608
Fusion;90;248;477
Heap;90;468;1259
Bubble;90;1842;4005
Insert;90;1842;1925
Select;90;83;4005
Quick;90;754;606
Fusion;90;256;478
Heap;90;473;1259
Bubble;90;1846;4005
Insert;90;1846;1930
Select;90;87;4005
Quick;90;554;595
Fusion;90;256;477
Heap;90;473;1258
Bubble;90;1770;4005
Insert;90;1770;1856
Select;90;85;4005
Quick;90;582;523
Fusion;90;244;479
Heap;90;485;1273
Bubble;90;2050;4005
Insert;90;2050;2135
Select;90;86;4005
Quick;90;552;510
Fusion;90;242;470
Heap;90;488;1262
Bubble;100;2299;4950
Insert;100;2299;2394
Select;100;95;4950
Quick;100;514;627
Fusion;100;283;546
Heap;100;551;1456
Bubble;100;2596;4950
Insert;100;2596;2691
Select;100;95;4950
Quick;100;644;637
Fusion;100;282;542
Heap;100;548;1463
Bubble;100;2562;4950
Insert;100;2562;2654
Select;100;96;4950
Quick;100;652;630
Fusion;100;283;540
Heap;100;534;1449
Bubble;100;2260;4950
Insert;100;2260;2355
Select;100;96;4950
Quick;100;524;666
Fusion;100;290;542
Heap;100;551;1453
Bubble;100;2327;4950
Insert;100;2327;2422
Select;100;95;4950
Quick;100;582;613
Fusion;100;292;547
Heap;100;564;1455
Bubble;100;2653;4950
Insert;100;2653;2748
Select;100;97;4950
Quick;100;612;681
Fusion;100;278;539
Heap;100;528;1448
Bubble;100;2353;4950
Insert;100;2353;2446
Select;100;95;4950
Quick;100;694;720
Fusion;100;277;536
Heap;100;541;1444
Bubble;100;2814;4950
Insert;100;2814;2906
Select;100;97;4950
Quick;100;720;674
Fusion;100;274;541
Heap;100;546;1470
Bubble;100;2228;4950
Insert;100;2228;2324
Select;100;93;4950
Quick;100;498;637
Fusion;100;275;543
Heap;100;550;1463
Bubble;100;2696;4950
Insert;100;2696;2791
Select;100;94;4950
Quick;100;504;599
Fusion;100;277;545
Heap;100;526;1444
Bubble;110;3075;5995
Insert;110;3075;3177
Select;110;106;5995
Quick;110;766;756
Fusion;110;333;620
Heap;110;636;1693
Bubble;110;3041;5995
Insert;110;3041;3146
Select;110;106;5995
Quick;110;836;738
Fusion;110;316;614
Heap;110;586;1610
Bubble;110;2934;5995
Insert;110;2934;3038
Select;110;104;5995
Quick;110;690;776
Fusion;110;321;611
Heap;110;612;1618
Bubble;110;2938;5995
Insert;110;2938;3042
Select;110;105;5995
Quick;110;872;752
Fusion;110;295;603
Heap;110;608;1645
Bubble;110;3005;5995
Insert;110;3005;3110
Select;110;108;5995
Quick;110;786;787
Fusion;110;320;615
Heap;110;620;1656
Bubble;110;3053;5995
Insert;110;3053;3156
Select;110;104;5995
Quick;110;732;699
Fusion;110;313;616
Heap;110;622;1635
Bubble;110;3116;5995
Insert;110;3116;3221
Select;110;104;5995
Quick;110;808;747
Fusion;110;299;594
Heap;110;611;1646
Bubble;110;2683;5995
Insert;110;2683;2788
Select;110;103;5995
Quick;110;506;725
Fusion;110;332;605
Heap;110;634;1660
Bubble;110;2878;5995
Insert;110;2878;2984
Select;110;99;5995
Quick;110;612;702
Fusion;110;303;607
Heap;110;618;1631
Bubble;110;2819;5995
Insert;110;2819;2923
Select;110;100;5995
Quick;110;822;696
Fusion;110;316;611
Heap;110;623;1645
Bubble;120;3817;7140
Insert;120;3817;3934
Select;120;113;7140
Quick;120;650;806
Fusion;120;347;685
Heap;120;679;1844
Bubble;120;3865;7140
Insert;120;3865;3980
Select;120;111;7140
Quick;120;734;770
Fusion;120;335;686
Heap;120;686;1864
Bubble;120;3563;7140
Insert;120;3563;3681
Select;120;114;7140
Quick;120;876;943
Fusion;120;326;681
Heap;120;658;1795
Bubble;120;3331;7140
Insert;120;3331;3448
Select;120;115;7140
Quick;120;780;775
Fusion;120;359;689
Heap;120;679;1844
Bubble;120;3113;7140
Insert;120;3113;3229
Select;120;112;7140
Quick;120;842;838
Fusion;120;354;683
Heap;120;704;1845
Bubble;120;3351;7140
Insert;120;3351;3466
Select;120;111;7140
Quick;120;596;848
Fusion;120;346;676
Heap;120;686;1838
Bubble;120;3989;7140
Insert;120;3989;4106
Select;120;115;7140
Quick;120;612;759
Fusion;120;344;673
Heap;120;672;1813
Bubble;120;3482;7140
Insert;120;3482;3598
Select;120;117;7140
Quick;120;890;925
Fusion;120;353;688
Heap;120;681;1835
Bubble;120;3480;7140
Insert;120;3480;3597
Select;120;115;7140
Quick;120;830;850
Fusion;120;357;679
Heap;120;686;1825
Bubble;120;3414;7140
Insert;120;3414;3529
Select;120;113;7140
Quick;120;672;913
Fusion;120;340;678
Heap;120;679;1830
Bubble;130;4350;8385
Insert;130;4350;4473
Select;130;128;8385
Quick;130;792;839
Fusion;130;379;752
Heap;130;750;2030
Bubble;130;4450;8385
Insert;130;4450;4576
Select;130;123;8385
Quick;130;902;954
Fusion;130;382;751
Heap;130;727;2025
Bubble;130;4170;8385
Insert;130;4170;4290
Select;130;122;8385
Quick;130;984;851
Fusion;130;388;753
Heap;130;745;2006
Bubble;130;4336;8385
Insert;130;4336;4458
Select;130;124;8385
Quick;130;982;860
Fusion;130;356;735
Heap;130;755;2049
Bubble;130;3939;8385
Insert;130;3939;4064
Select;130;125;8385
Quick;130;778;978
Fusion;130;395;743
Heap;130;765;2018
Bubble;130;3965;8385
Insert;130;3965;4088
Select;130;124;8385
Quick;130;922;868
Fusion;130;381;748
Heap;130;791;2076
Bubble;130;4082;8385
Insert;130;4082;4205
Select;130;121;8385
Quick;130;838;862
Fusion;130;388;746
Heap;130;746;2029
Bubble;130;3939;8385
Insert;130;3939;4063
Select;130;125;8385
Quick;130;852;919
Fusion;130;396;751
Heap;130;766;2038
Bubble;130;4472;8385
Insert;130;4472;4596
Select;130;123;8385
Quick;130;894;855
Fusion;130;377;750
Heap;130;726;2004
Bubble;130;4415;8385
Insert;130;4415;4541
Select;130;123;8385
Quick;130;1018;990
Fusion;130;383;748
Heap;130;748;2018
Bubble;140;4941;9730
Insert;140;4941;5074
Select;140;134;9730
Quick;140;1164;974
Fusion;140;426;827
Heap;140;813;2223
Bubble;140;4634;9730
Insert;140;4634;4770
Select;140;133;9730
Quick;140;838;941
Fusion;140;423;820
Heap;140;821;2209
Bubble;140;5122;9730
Insert;140;5122;5258
Select;140;137;9730
Quick;140;854;910
Fusion;140;426;828
Heap;140;802;2191
Bubble;140;4641;9730
Insert;140;4641;4773
Select;140;136;9730
Quick;140;856;916
Fusion;140;425;832
Heap;140;847;2239
Bubble;140;5014;9730
Insert;140;5014;5147
Select;140;135;9730
Quick;140;1116;1042
Fusion;140;436;829
Heap;140;813;2232
Bubble;140;5169;9730
Insert;140;5169;5306
Select;140;132;9730
Quick;140;976;1010
Fusion;140;434;830
Heap;140;805;2230
Bubble;140;4437;9730
Insert;140;4437;4571
Select;140;136;9730
Quick;140;924;923
Fusion;140;440;834
Heap;140;841;2252
Bubble;140;4768;9730
Insert;140;4768;4897
Select;140;136;9730
Quick;140;1370;1096
Fusion;140;416;832
Heap;140;832;2220
Bubble;140;4810;9730
Insert;140;4810;4947
Select;140;134;9730
Quick;140;790;1032
Fusion;140;440;832
Heap;140;842;2238
Bubble;140;4787;9730
Insert;140;4787;4921
Select;140;129;9730
Quick;140;824;935
Fusion;140;451;836
Heap;140;808;2215
Bubble;150;5674;11175
Insert;150;5674;5820
Select;150;143;11175
Quick;150;1540;1262
Fusion;150;467;910
Heap;150;929;2476
Bubble;150;5607;11175
Insert;150;5607;5749
Select;150;146;11175
Quick;150;992;977
Fusion;150;466;892
Heap;150;906;2441
Bubble;150;5508;11175
Insert;150;5508;5652
Select;150;143;11175
Quick;150;1312;1242
Fusion;150;465;906
Heap;150;902;2424
Bubble;150;5391;11175
Insert;150;5391;5536
Select;150;147;11175
Quick;150;938;1046
Fusion;150;454;893
Heap;150;912;2451
Bubble;150;5557;11175
Insert;150;5557;5702
Select;150;143;11175
Quick;150;1232;1100
Fusion;150;468;900
Heap;150;904;2462
Bubble;150;5580;11175
Insert;150;5580;5720
Select;150;144;11175
Quick;150;1536;1140
Fusion;150;467;897
Heap;150;894;2430
Bubble;150;5357;11175
Insert;150;5357;5502
Select;150;148;11175
Quick;150;1024;1077
Fusion;150;477;900
Heap;150;893;2438
Bubble;150;5937;11175
Insert;150;5937;6079
Select;150;146;11175
Quick;150;1212;1056
Fusion;150;459;904
Heap;150;872;2410
Bubble;150;5054;11175
Insert;150;5054;5200
Select;150;142;11175
Quick;150;1076;1068
Fusion;150;472;908
Heap;150;922;2422
Bubble;150;4938;11175
Insert;150;4938;5084
Select;150;146;11175
Quick;150;1142;1103
Fusion;150;483;912
Heap;150;919;2450
Bubble;160;6316;12720
Insert;160;6316;6470
Select;160;157;12720
Quick;160;1306;1164
Fusion;160;505;981
Heap;160;985;2657
Bubble;160;6005;12720
Insert;160;6005;6161
Select;160;155;12720
Quick;160;1246;1189
Fusion;160;494;965
Heap;160;987;2646
Bubble;160;6049;12720
Insert;160;6049;6203
Select;160;155;12720
Quick;160;1064;1041
Fusion;160;493;971
Heap;160;978;2680
Bubble;160;6085;12720
Insert;160;6085;6241
Select;160;153;12720
Quick;160;878;1100
Fusion;160;502;968
Heap;160;991;2666
Bubble;160;6420;12720
Insert;160;6420;6574
Select;160;152;12720
Quick;160;1194;1152
Fusion;160;481;965
Heap;160;954;2598
Bubble;160;6163;12720
Insert;160;6163;6319
Select;160;152;12720
Quick;160;958;1074
Fusion;160;497;960
Heap;160;968;2649
Bubble;160;6435;12720
Insert;160;6435;6591
Select;160;154;12720
Quick;160;1192;1326
Fusion;160;488;969
Heap;160;967;2616
Bubble;160;6040;12720
Insert;160;6040;6192
Select;160;159;12720
Quick;160;1182;1087
Fusion;160;502;980
Heap;160;1005;2663
Bubble;160;6527;12720
Insert;160;6527;6680
Select;160;154;12720
Quick;160;1288;1171
Fusion;160;498;974
Heap;160;958;2622
Bubble;160;6538;12720
Insert;160;6538;6693
Select;160;156;12720
Quick;160;874;1192
Fusion;160;508;977
Heap;160;978;2641
Bubble;170;7664;14365
Insert;170;7664;7825
Select;170;169;14365
Quick;170;1450;1383
Fusion;170;536;1049
Heap;170;1027;2855
Bubble;170;6589;14365
Insert;170;6589;6751
Select;170;166;14365
Quick;170;1358;1399
Fusion;170;546;1056
Heap;170;1086;2868
Bubble;170;6331;14365
Insert;170;6331;6494
Select;170;165;14365
Quick;170;1122;1188
Fusion;170;551;1045
Heap;170;1099;2890
Bubble;170;7539;14365
Insert;170;7539;7707
Select;170;165;14365
Quick;170;1156;1347
Fusion;170;538;1035
Heap;170;1051;2862
Bubble;170;7580;14365
Insert;170;7580;7744
Select;170;162;14365
Quick;170;1130;1268
Fusion;170;545;1048
Heap;170;1069;2866
Bubble;170;6806;14365
Insert;170;6806;6971
Select;170;163;14365
Quick;170;1110;1229
Fusion;170;546;1055
Heap;170;1066;2850
Bubble;170;8021;14365
Insert;170;8021;8185
Select;170;165;14365
Quick;170;1236;1258
Fusion;170;545;1053
Heap;170;1015;2811
Bubble;170;7479;14365
Insert;170;7479;7646
Select;170;165;14365
Quick;170;1040;1198
Fusion;170;533;1036
Heap;170;1055;2876
Bubble;170;7551;14365
Insert;170;7551;7714
Select;170;163;14365
Quick;170;1468;1398
Fusion;170;542;1057
Heap;170;1044;2871
Bubble;170;7112;14365
Insert;170;7112;7277
Select;170;164;14365
Quick;170;1304;1288
Fusion;170;546;1043
Heap;170;1072;2883
Bubble;180;7604;16110
Insert;180;7604;7777
Select;180;175;16110
Quick;180;1336;1406
Fusion;180;575;1120
Heap;180;1149;3072
Bubble;180;8147;16110
Insert;180;8147;8321
Select;180;171;16110
Quick;180;1184;1272
Fusion;180;580;1128
Heap;180;1112;3019
Bubble;180;8488;16110
Insert;180;8488;8664
Select;180;174;16110
Quick;180;1048;1343
Fusion;180;575;1131
Heap;180;1095;3027
Bubble;180;7553;16110
Insert;180;7553;7726
Select;180;175;16110
Quick;180;1292;1244
Fusion;180;572;1109
Heap;180;1165;3085
Bubble;180;7623;16110
Insert;180;7623;7794
Select;180;173;16110
Quick;180;1298;1296
Fusion;180;574;1128
Heap;180;1120;3036
Bubble;180;7771;16110
Insert;180;7771;7944
Select;180;176;16110
Quick;180;1542;1362
Fusion;180;583;1130
Heap;180;1131;3059
Bubble;180;7955;16110
Insert;180;7955;8126
Select;180;177;16110
Quick;180;1370;1242
Fusion;180;585;1113
Heap;180;1158;3084
Bubble;180;8379;16110
Insert;180;8379;8552
Select;180;176;16110
Quick;180;1358;1310
Fusion;180;572;1121
Heap;180;1118;3091
Bubble;180;7510;16110
Insert;180;7510;7688
Select;180;173;16110
Quick;180;1496;1628
Fusion;180;577;1132
Heap;180;1148;3091
Bubble;180;7480;16110
Insert;180;7480;7654
Select;180;172;16110
Quick;180;1068;1300
Fusion;180;563;1131
Heap;180;1154;3087
Bubble;190;8421;17955
Insert;190;8421;8606
Select;190;184;17955
Quick;190;1338;1350
Fusion;190;605;1216
Heap;190;1202;3260
Bubble;190;8894;17955
Insert;190;8894;9075
Select;190;186;17955
Quick;190;1418;1424
Fusion;190;616;1201
Heap;190;1228;3299
Bubble;190;9253;17955
Insert;190;9253;9432
Select;190;182;17955
Quick;190;1916;1533
Fusion;190;606;1191
Heap;190;1196;3266
Bubble;190;8921;17955
Insert;190;8921;9105
Select;190;185;17955
Quick;190;1354;1354
Fusion;190;629;1211
Heap;190;1214;3291
Bubble;190;8991;17955
Insert;190;8991;9173
Select;190;184;17955
Quick;190;1338;1313
Fusion;190;623;1212
Heap;190;1221;3304
Bubble;190;8822;17955
Insert;190;8822;9007
Select;190;185;17955
Quick;190;1396;1290
Fusion;190;614;1193
Heap;190;1209;3289
Bubble;190;8641;17955
Insert;190;8641;8824
Select;190;184;17955
Quick;190;1768;1490
Fusion;190;622;1211
Heap;190;1232;3295
Bubble;190;8354;17955
Insert;190;8354;8541
Select;190;185;17955
Quick;190;1718;1739
Fusion;190;640;1204
Heap;190;1215;3274
Bubble;190;9590;17955
Insert;190;9590;9776
Select;190;180;17955
Quick;190;1472;1515
Fusion;190;591;1190
Heap;190;1185;3259
Bubble;190;8156;17955
Insert;190;8156;8344
Select;190;181;17955
Quick;190;1304;1581
Fusion;190;627;1212
Heap;190;1216;3273
Bubble;200;9602;19900
Insert;200;9602;9794
Select;200;195;19900
Quick;200;1456;1509
Fusion;200;644;1282
Heap;200;1317;3557
Bubble;200;9285;19900
Insert;200;9285;9479
Select;200;195;19900
Quick;200;1454;1471
Fusion;200;667;1285
Heap;200;1303;3519
Bubble;200;10062;19900
Insert;200;10062;10257
Select;200;192;19900
Quick;200;1428;1549
Fusion;200;658;1284
Heap;200;1272;3444
Bubble;200;8769;19900
Insert;200;8769;8966
Select;200;190;19900
Quick;200;1538;1860
Fusion;200;655;1270
Heap;200;1308;3508
Bubble;200;10436;19900
Insert;200;10436;10629
Select;200;199;19900
Quick;200;1228;1520
Fusion;200;657;1281
Heap;200;1262;3476
Bubble;200;9695;19900
Insert;200;9695;9890
Select;200;194;19900
Quick;200;1506;1601
Fusion;200;680;1291
Heap;200;1274;3437
Bubble;200;9550;19900
Insert;200;9550;9742
Select;200;194;19900
Quick;200;1346;1455
Fusion;200;660;1280
Heap;200;1297;3483
Bubble;200;9709;19900
Insert;200;9709;9902
Select;200;194;19900
Quick;200;1568;1674
Fusion;200;676;1294
Heap;200;1300;3500
Bubble;200;9782;19900
Insert;200;9782;9977
Select;200;197;19900
Quick;200;1470;1493
Fusion;200;648;1276
Heap;200;1276;3494
Bubble;200;10378;19900
Insert;200;10378;10571
Select;200;193;19900
Quick;200;1570;1458
Fusion;200;661;1291
Heap;200;1268;3488
Bubble;210;11007;21945
Insert;210;11007;11212
Select;210;207;21945
Quick;210;2076;1843
Fusion;210;674;1346
Heap;210;1334;3695
Bubble;210;11972;21945
Insert;210;11972;12176
Select;210;205;21945
Quick;210;1434;1484
Fusion;210;683;1345
Heap;210;1334;3687
Bubble;210;11049;21945
Insert;210;11049;11253
Select;210;201;21945
Quick;210;1830;1728
Fusion;210;689;1356
Heap;210;1332;3661
Bubble;210;10692;21945
Insert;210;10692;10897
Select;210;202;21945
Quick;210;1452;1515
Fusion;210;714;1375
Heap;210;1356;3729
Bubble;210;10568;21945
Insert;210;10568;10774
Select;210;205;21945
Quick;210;1460;1687
Fusion;210;714;1356
Heap;210;1382;3714
Bubble;210;10594;21945
Insert;210;10594;10798
Select;210;201;21945
Quick;210;1458;1571
Fusion;210;694;1344
Heap;210;1384;3710
Bubble;210;10704;21945
Insert;210;10704;10909
Select;210;207;21945
Quick;210;1782;1640
Fusion;210;698;1359
Heap;210;1385;3713
Bubble;210;11766;21945
Insert;210;11766;11968
Select;210;207;21945
Quick;210;1422;1448
Fusion;210;696;1356
Heap;210;1341;3680
Bubble;210;11447;21945
Insert;210;11447;11651
Select;210;205;21945
Quick;210;1834;1738
Fusion;210;713;1367
Heap;210;1321;3648
Bubble;210;10199;21945
Insert;210;10199;10402
Select;210;202;21945
Quick;210;1852;1931
Fusion;210;706;1357
Heap;210;1328;3672
Bubble;220;12628;24090
Insert;220;12628;12843
Select;220;215;24090
Quick;220;2342;2103
Fusion;220;733;1435
Heap;220;1408;3922
Bubble;220;12358;24090
Insert;220;12358;12571
Select;220;214;24090
Quick;220;1650;1687
Fusion;220;740;1445
Heap;220;1465;3963
Bubble;220;11271;24090
Insert;220;11271;11486
Select;220;216;24090
Quick;220;1740;1640
Fusion;220;752;1444
Heap;220;1509;3992
Bubble;220;12009;24090
Insert;220;12009;12221
Select;220;215;24090
Quick;220;1778;1639
Fusion;220;731;1441
Heap;220;1407;3885
Bubble;220;11743;24090
Insert;220;11743;11957
Select;220;211;24090
Quick;220;1868;1715
Fusion;220;735;1435
Heap;220;1479;3991
Bubble;220;11754;24090
Insert;220;11754;11971
Select;220;213;24090
Quick;220;1466;1668
Fusion;220;734;1431
Heap;220;1443;3947
Bubble;220;12579;24090
Insert;220;12579;12794
Select;220;215;24090
Quick;220;1526;1783
Fusion;220;748;1445
Heap;220;1443;3951
Bubble;220;12672;24090
Insert;220;12672;12889
Select;220;214;24090
Quick;220;2282;2059
Fusion;220;744;1439
Heap;220;1413;3896
Bubble;220;11710;24090
Insert;220;11710;11926
Select;220;215;24090
Quick;220;2276;1944
Fusion;220;742;1440
Heap;220;1458;3946
Bubble;220;11888;24090
Insert;220;11888;12100
Select;220;212;24090
Quick;220;1732;1810
Fusion;220;725;1422
Heap;220;1437;3960
Bubble;230;13486;26335
Insert;230;13486;13712
Select;230;223;26335
Quick;230;1526;2101
Fusion;230;782;1530
Heap;230;1506;4144
Bubble;230;11919;26335
Insert;230;11919;12147
Select;230;224;26335
Quick;230;1744;2000
Fusion;230;814;1530
Heap;230;1563;4196
Bubble;230;13080;26335
Insert;230;13080;13307
Select;230;225;26335
Quick;230;1606;1775
Fusion;230;787;1520
Heap;230;1544;4194
Bubble;230;14093;26335
Insert;230;14093;14318
Select;230;220;26335
Quick;230;1882;1879
Fusion;230;796;1538
Heap;230;1514;4138
Bubble;230;13988;26335
Insert;230;13988;14215
Select;230;224;26335
Quick;230;1976;2032
Fusion;230;776;1507
Heap;230;1479;4134
Bubble;230;12483;26335
Insert;230;12483;12704
Select;230;225;26335
Quick;230;1298;1773
Fusion;230;768;1525
Heap;230;1518;4137
Bubble;230;13509;26335
Insert;230;13509;13735
Select;230;226;26335
Quick;230;1484;1798
Fusion;230;786;1536
Heap;230;1499;4134
Bubble;230;13150;26335
Insert;230;13150;13375
Select;230;225;26335
Quick;230;2112;1928
Fusion;230;782;1520
Heap;230;1505;4157
Bubble;230;12166;26335
Insert;230;12166;12394
Select;230;226;26335
Quick;230;1960;2119
Fusion;230;779;1523
Heap;230;1549;4220
Bubble;230;13137;26335
Insert;230;13137;13361
Select;230;227;26335
Quick;230;1812;1747
Fusion;230;786;1526
Heap;230;1548;4157
Bubble;240;14392;28680
Insert;240;14392;14626
Select;240;233;28680
Quick;240;1972;1822
Fusion;240;821;1588
Heap;240;1594;4398
Bubble;240;14033;28680
Insert;240;14033;14268
Select;240;236;28680
Quick;240;1592;2029
Fusion;240;812;1601
Heap;240;1610;4421
Bubble;240;13992;28680
Insert;240;13992;14228
Select;240;234;28680
Quick;240;1774;1815
Fusion;240;828;1609
Heap;240;1590;4361
Bubble;240;14646;28680
Insert;240;14646;14879
Select;240;234;28680
Quick;240;2020;1923
Fusion;240;785;1580
Heap;240;1583;4353
Bubble;240;14608;28680
Insert;240;14608;14843
Select;240;236;28680
Quick;240;1596;1869
Fusion;240;849;1601
Heap;240;1573;4327
Bubble;240;12825;28680
Insert;240;12825;13059
Select;240;237;28680
Quick;240;1938;2002
Fusion;240;831;1597
Heap;240;1657;4426
Bubble;240;15098;28680
Insert;240;15098;15333
Select;240;232;28680
Quick;240;2000;1885
Fusion;240;825;1600
Heap;240;1578;4353
Bubble;240;14930;28680
Insert;240;14930;15163
Select;240;235;28680
Quick;240;2452;2101
Fusion;240;826;1580
Heap;240;1593;4349
Bubble;240;13734;28680
Insert;240;13734;13971
Select;240;230;28680
Quick;240;1624;2079
Fusion;240;830;1597
Heap;240;1644;4417
Bubble;240;13768;28680
Insert;240;13768;14002
Select;240;232;28680
Quick;240;1790;2211
Fusion;240;817;1597
Heap;240;1603;4406
Bubble;250;15747;31125
Insert;250;15747;15991
Select;250;245;31125
Quick;250;1666;1903
Fusion;250;858;1678
Heap;250;1659;4614
Bubble;250;15798;31125
Insert;250;15798;16042
Select;250;244;31125
Quick;250;1812;2034
Fusion;250;835;1670
Heap;250;1667;4605
Bubble;250;15536;31125
Insert;250;15536;15781
Select;250;242;31125
Quick;250;1774;2021
Fusion;250;831;1676
Heap;250;1656;4562
Bubble;250;16057;31125
Insert;250;16057;16302
Select;250;247;31125
Quick;250;1868;2099
Fusion;250;842;1656
Heap;250;1633;4592
Bubble;250;14508;31125
Insert;250;14508;14750
Select;250;245;31125
Quick;250;2240;2034
Fusion;250;857;1678
Heap;250;1668;4599
Bubble;250;15563;31125
Insert;250;15563;15806
Select;250;245;31125
Quick;250;2534;2194
Fusion;250;848;1682
Heap;250;1670;4598
Bubble;250;14917;31125
Insert;250;14917;15160
Select;250;241;31125
Quick;250;2252;1973
Fusion;250;845;1670
Heap;250;1698;4652
Bubble;250;15475;31125
Insert;250;15475;15719
Select;250;247;31125
Quick;250;1714;1986
Fusion;250;845;1687
Heap;250;1687;4637
Bubble;250;15307;31125
Insert;250;15307;15551
Select;250;240;31125
Quick;250;2142;2216
Fusion;250;848;1689
Heap;250;1661;4579
Bubble;250;15603;31125
Insert;250;15603;15845
Select;250;245;31125
Quick;250;1936;1851
Fusion;250;847;1664
Heap;250;1686;4594
Bubble;260;16250;33670
Insert;260;16250;16505
Select;260;251;33670
Quick;260;1900;1961
Fusion;260;868;1762
Heap;260;1742;4828
Bubble;260;17198;33670
Insert;260;17198;17456
Select;260;252;33670
Quick;260;2482;2456
Fusion;260;887;1757
Heap;260;1766;4864
Bubble;260;17012;33670
Insert;260;17012;17265
Select;260;253;33670
Quick;260;1654;1895
Fusion;260;895;1765
Heap;260;1769;4852
Bubble;260;15879;33670
Insert;260;15879;16134
Select;260;255;33670
Quick;260;2036;1987
Fusion;260;885;1751
Heap;260;1798;4856
Bubble;260;17776;33670
Insert;260;17776;18029
Select;260;253;33670
Quick;260;2166;1951
Fusion;260;896;1752
Heap;260;1743;4805
Bubble;260;16760;33670
Insert;260;16760;17017
Select;260;251;33670
Quick;260;2364;2272
Fusion;260;874;1757
Heap;260;1734;4808
Bubble;260;17059;33670
Insert;260;17059;17311
Select;260;254;33670
Quick;260;2886;2248
Fusion;260;889;1759
Heap;260;1767;4886
Bubble;260;16639;33670
Insert;260;16639;16894
Select;260;258;33670
Quick;260;1786;2094
Fusion;260;886;1743
Heap;260;1770;4831
Bubble;260;17400;33670
Insert;260;17400;17656
Select;260;255;33670
Quick;260;2168;2370
Fusion;260;893;1761
Heap;260;1781;4893
Bubble;260;17434;33670
Insert;260;17434;17688
Select;260;254;33670
Quick;260;1924;2457
Fusion;260;893;1753
Heap;260;1758;4895
Bubble;270;18557;36315
Insert;270;18557;18820
Select;270;263;36315
Quick;270;3188;2674
Fusion;270;958;1852
Heap;270;1804;5052
Bubble;270;17244;36315
Insert;270;17244;17505
Select;270;263;36315
Quick;270;1638;2257
Fusion;270;932;1838
Heap;270;1843;5024
Bubble;270;19435;36315
Insert;270;19435;19702
Select;270;267;36315
Quick;270;2278;2272
Fusion;270;936;1827
Heap;270;1819;5050
Bubble;270;17856;36315
Insert;270;17856;18118
Select;270;261;36315
Quick;270;2284;2235
Fusion;270;957;1838
Heap;270;1883;5091
Bubble;270;17940;36315
Insert;270;17940;18205
Select;270;263;36315
Quick;270;1798;2238
Fusion;270;959;1852
Heap;270;1848;5109
Bubble;270;18403;36315
Insert;270;18403;18668
Select;270;267;36315
Quick;270;2500;2573
Fusion;270;947;1846
Heap;270;1811;5011
Bubble;270;18035;36315
Insert;270;18035;18297
Select;270;264;36315
Quick;270;2450;2135
Fusion;270;932;1867
Heap;270;1831;5042
Bubble;270;19298;36315
Insert;270;19298;19566
Select;270;263;36315
Quick;270;2106;2504
Fusion;270;943;1842
Heap;270;1824;4971
Bubble;270;18247;36315
Insert;270;18247;18508
Select;270;260;36315
Quick;270;1998;1987
Fusion;270;940;1845
Heap;270;1831;5065
Bubble;270;18224;36315
Insert;270;18224;18491
Select;270;265;36315
Quick;270;2186;2360
Fusion;270;929;1838
Heap;270;1863;5077
Bubble;280;21084;39060
Insert;280;21084;21354
Select;280;274;39060
Quick;280;2090;2175
Fusion;280;992;1917
Heap;280;1941;5321
Bubble;280;17363;39060
Insert;280;17363;17635
Select;280;273;39060
Quick;280;1976;2196
Fusion;280;983;1916
Heap;280;2020;5418
Bubble;280;18803;39060
Insert;280;18803;19082
Select;280;271;39060
Quick;280;2322;2742
Fusion;280;980;1921
Heap;280;1938;5280
Bubble;280;18873;39060
Insert;280;18873;19146
Select;280;275;39060
Quick;280;2160;2174
Fusion;280;993;1924
Heap;280;1947;5327
Bubble;280;19918;39060
Insert;280;19918;20190
Select;280;276;39060
Quick;280;2680;2443
Fusion;280;981;1926
Heap;280;1922;5297
Bubble;280;18214;39060
Insert;280;18214;18489
Select;280;274;39060
Quick;280;2294;2298
Fusion;280;1003;1934
Heap;280;1951;5310
Bubble;280;18857;39060
Insert;280;18857;19130
Select;280;272;39060
Quick;280;2190;2268
Fusion;280;985;1942
Heap;280;1921;5291
Bubble;280;19878;39060
Insert;280;19878;20151
Select;280;276;39060
Quick;280;2474;2280
Fusion;280;997;1932
Heap;280;1945;5294
Bubble;280;18949;39060
Insert;280;18949;19220
Select;280;275;39060
Quick;280;2562;2406
Fusion;280;1003;1930
Heap;280;1917;5265
Bubble;280;20908;39060
Insert;280;20908;21182
Select;280;275;39060
Quick;280;2954;2608
Fusion;280;989;1918
Heap;280;1877;5240
Bubble;290;21531;41905
Insert;290;21531;21811
Select;290;284;41905
Quick;290;2844;2443
Fusion;290;1043;2021
Heap;290;2012;5520
Bubble;290;20838;41905
Insert;290;20838;21123
Select;290;284;41905
Quick;290;2176;2263
Fusion;290;1035;2002
Heap;290;2017;5540
Bubble;290;22153;41905
Insert;290;22153;22440
Select;290;284;41905
Quick;290;1934;2696
Fusion;290;1034;2011
Heap;290;1984;5514
Bubble;290;20751;41905
Insert;290;20751;21040
Select;290;282;41905
Quick;290;2252;3039
Fusion;290;1026;2008
Heap;290;2021;5564
Bubble;290;20095;41905
Insert;290;20095;20376
Select;290;286;41905
Quick;290;2598;2358
Fusion;290;1030;2012
Heap;290;2036;5540
Bubble;290;20774;41905
Insert;290;20774;21059
Select;290;285;41905
Quick;290;2044;2261
Fusion;290;1050;2026
Heap;290;2011;5535
Bubble;290;20892;41905
Insert;290;20892;21175
Select;290;280;41905
Quick;290;2394;2449
Fusion;290;1060;2010
Heap;290;2042;5567
Bubble;290;21089;41905
Insert;290;21089;21373
Select;290;280;41905
Quick;290;2350;2210
Fusion;290;1055;2006
Heap;290;2028;5499
Bubble;290;20900;41905
Insert;290;20900;21184
Select;290;284;41905
Quick;290;2066;2358
Fusion;290;1029;2012
Heap;290;2009;5546
Bubble;290;20798;41905
Insert;290;20798;21082
Select;290;283;41905
Quick;290;2496;2518
Fusion;290;1035;2018
Heap;290;2011;5543
Bubble;300;21773;44850
Insert;300;21773;22064
Select;300;296;44850
Quick;300;2472;2387
Fusion;300;1097;2097
Heap;300;2096;5700
Bubble;300;23155;44850
Insert;300;23155;23449
Select;300;294;44850
Quick;300;2756;2511
Fusion;300;1085;2106
Heap;300;2085;5770
Bubble;300;22982;44850
Insert;300;22982;23275
Select;300;292;44850
Quick;300;2590;2501
Fusion;300;1090;2095
Heap;300;2080;5690
Bubble;300;20891;44850
Insert;300;20891;21185
Select;300;293;44850
Quick;300;2666;2621
Fusion;300;1078;2103
Heap;300;2118;5803
Bubble;300;21046;44850
Insert;300;21046;21339
Select;300;293;44850
Quick;300;2374;2497
Fusion;300;1073;2095
Heap;300;2144;5792
Bubble;300;22234;44850
Insert;300;22234;22528
Select;300;297;44850
Quick;300;2422;2408
Fusion;300;1089;2100
Heap;300;2089;5750
Bubble;300;21055;44850
Insert;300;21055;21352
Select;300;295;44850
Quick;300;2256;2423
Fusion;300;1074;2084
Heap;300;2102;5755
Bubble;300;22371;44850
Insert;300;22371;22663
Select;300;292;44850
Quick;300;2140;2426
Fusion;300;1065;2090
Heap;300;2083;5734
Bubble;300;22615;44850
Insert;300;22615;22909
Select;300;295;44850
Quick;300;2462;2498
Fusion;300;1059;2092
Heap;300;2056;5710
Bubble;300;21311;44850
Insert;300;21311;21603
Select;300;297;44850
Quick;300;2410;2336
Fusion;300;1069;2078
Heap;300;2110;5762
Bubble;310;24013;47895
Insert;310;24013;24316
Select;310;308;47895
Quick;310;2382;2403
Fusion;310;1117;2173
Heap;310;2172;5956
Bubble;310;23580;47895
Insert;310;23580;23886
Select;310;308;47895
Quick;310;3006;2863
Fusion;310;1101;2171
Heap;310;2171;6027
Bubble;310;23178;47895
Insert;310;23178;23481
Select;310;305;47895
Quick;310;2176;2502
Fusion;310;1133;2192
Heap;310;2183;5996
Bubble;310;24430;47895
Insert;310;24430;24732
Select;310;302;47895
Quick;310;2096;2380
Fusion;310;1134;2190
Heap;310;2125;5938
Bubble;310;24678;47895
Insert;310;24678;24977
Select;310;305;47895
Quick;310;3178;2623
Fusion;310;1111;2172
Heap;310;2176;6031
Bubble;310;24039;47895
Insert;310;24039;24346
Select;310;304;47895
Quick;310;2678;2696
Fusion;310;1121;2172
Heap;310;2177;5936
Bubble;310;23970;47895
Insert;310;23970;24276
Select;310;303;47895
Quick;310;2444;2764
Fusion;310;1103;2168
Heap;310;2204;6059
Bubble;310;25277;47895
Insert;310;25277;25583
Select;310;303;47895
Quick;310;2440;2856
Fusion;310;1129;2185
Heap;310;2166;5996
Bubble;310;23950;47895
Insert;310;23950;24252
Select;310;303;47895
Quick;310;2160;2439
Fusion;310;1146;2184
Heap;310;2197;6007
Bubble;310;23396;47895
Insert;310;23396;23699
Select;310;305;47895
Quick;310;2736;2585
Fusion;310;1139;2181
Heap;310;2207;5979
Bubble;320;27823;51040
Insert;320;27823;28134
Select;320;314;51040
Quick;320;2600;2460
Fusion;320;1195;2273
Heap;320;2204;6168
Bubble;320;24320;51040
Insert;320;24320;24633
Select;320;311;51040
Quick;320;3592;3079
Fusion;320;1153;2266
Heap;320;2235;6161
Bubble;320;24390;51040
Insert;320;24390;24705
Select;320;316;51040
Quick;320;3126;2981
Fusion;320;1161;2254
Heap;320;2311;6271
Bubble;320;24211;51040
Insert;320;24211;24524
Select;320;310;51040
Quick;320;2148;2504
Fusion;320;1136;2258
Heap;320;2285;6196
Bubble;320;25754;51040
Insert;320;25754;26067
Select;320;312;51040
Quick;320;2452;2437
Fusion;320;1171;2273
Heap;320;2263;6282
Bubble;320;25420;51040
Insert;320;25420;25735
Select;320;316;51040
Quick;320;2478;2671
Fusion;320;1150;2257
Heap;320;2255;6216
Bubble;320;25195;51040
Insert;320;25195;25506
Select;320;312;51040
Quick;320;2658;2600
Fusion;320;1150;2256
Heap;320;2235;6180
Bubble;320;24938;51040
Insert;320;24938;25249
Select;320;317;51040
Quick;320;3290;2846
Fusion;320;1179;2285
Heap;320;2260;6184
Bubble;320;23838;51040
Insert;320;23838;24152
Select;320;313;51040
Quick;320;2214;2589
Fusion;320;1160;2273
Heap;320;2273;6262
Bubble;320;25535;51040
Insert;320;25535;25850
Select;320;314;51040
Quick;320;3090;2953
Fusion;320;1161;2251
Heap;320;2265;6249
Bubble;330;26684;54285
Insert;330;26684;27003
Select;330;320;54285
Quick;330;2990;2716
Fusion;330;1196;2344
Heap;330;2316;6387
Bubble;330;28142;54285
Insert;330;28142;28462
Select;330;321;54285
Quick;330;2580;2570
Fusion;330;1206;2344
Heap;330;2365;6501
Bubble;330;24402;54285
Insert;330;24402;24730
Select;330;327;54285
Quick;330;3244;3396
Fusion;330;1235;2361
Heap;330;2374;6456
Bubble;330;27966;54285
Insert;330;27966;28288
Select;330;326;54285
Quick;330;3204;2787
Fusion;330;1234;2364
Heap;330;2320;6396
Bubble;330;26435;54285
Insert;330;26435;26762
Select;330;322;54285
Quick;330;2944;2965
Fusion;330;1242;2371
Heap;330;2334;6392
Bubble;330;28141;54285
Insert;330;28141;28466
Select;330;327;54285
Quick;330;3290;3007
Fusion;330;1211;2365
Heap;330;2339;6448
Bubble;330;25366;54285
Insert;330;25366;25693
Select;330;326;54285
Quick;330;2828;3137
Fusion;330;1214;2346
Heap;330;2380;6507
Bubble;330;25837;54285
Insert;330;25837;26161
Select;330;322;54285
Quick;330;3458;3058
Fusion;330;1233;2354
Heap;330;2337;6427
Bubble;330;28368;54285
Insert;330;28368;28690
Select;330;325;54285
Quick;330;2770;2640
Fusion;330;1189;2344
Heap;330;2341;6478
Bubble;330;26567;54285
Insert;330;26567;26894
Select;330;314;54285
Quick;330;2452;2871
Fusion;330;1234;2336
Heap;330;2384;6468
Bubble;340;29589;57630
Insert;340;29589;29920
Select;340;335;57630
Quick;340;3306;3136
Fusion;340;1257;2430
Heap;340;2385;6630
Bubble;340;29762;57630
Insert;340;29762;30093
Select;340;334;57630
Quick;340;2710;2856
Fusion;340;1239;2438
Heap;340;2437;6696
Bubble;340;29014;57630
Insert;340;29014;29350
Select;340;331;57630
Quick;340;2568;3098
Fusion;340;1289;2458
Heap;340;2497;6771
Bubble;340;28219;57630
Insert;340;28219;28553
Select;340;332;57630
Quick;340;3496;3356
Fusion;340;1251;2433
Heap;340;2420;6711
Bubble;340;28169;57630
Insert;340;28169;28505
Select;340;332;57630
Quick;340;2952;2900
Fusion;340;1258;2433
Heap;340;2428;6662
Bubble;340;29205;57630
Insert;340;29205;29540
Select;340;333;57630
Quick;340;2830;2801
Fusion;340;1263;2434
Heap;340;2462;6723
Bubble;340;26498;57630
Insert;340;26498;26830
Select;340;331;57630
Quick;340;2626;2848
Fusion;340;1291;2451
Heap;340;2482;6764
Bubble;340;29428;57630
Insert;340;29428;29762
Select;340;335;57630
Quick;340;2656;2992
Fusion;340;1301;2452
Heap;340;2390;6637
Bubble;340;28078;57630
Insert;340;28078;28412
Select;340;334;57630
Quick;340;2970;2784
Fusion;340;1251;2431
Heap;340;2476;6744
Bubble;340;29761;57630
Insert;340;29761;30095
Select;340;329;57630
Quick;340;2784;2763
Fusion;340;1265;2431
Heap;340;2449;6703
Bubble;350;30229;61075
Insert;350;30229;30573
Select;350;346;61075
Quick;350;3900;3447
Fusion;350;1274;2510
Heap;350;2497;6881
Bubble;350;31611;61075
Insert;350;31611;31951
Select;350;336;61075
Quick;350;3954;3173
Fusion;350;1315;2534
Heap;350;2495;6862
Bubble;350;28840;61075
Insert;350;28840;29183
Select;350;340;61075
Quick;350;3718;3455
Fusion;350;1296;2529
Heap;350;2488;6926
Bubble;350;32641;61075
Insert;350;32641;32987
Select;350;343;61075
Quick;350;3662;3596
Fusion;350;1286;2533
Heap;350;2479;6875
Bubble;350;32045;61075
Insert;350;32045;32390
Select;350;345;61075
Quick;350;2740;2906
Fusion;350;1287;2523
Heap;350;2558;6988
Bubble;350;28490;61075
Insert;350;28490;28831
Select;350;344;61075
Quick;350;3344;3103
Fusion;350;1301;2517
Heap;350;2544;6983
Bubble;350;29468;61075
Insert;350;29468;29813
Select;350;343;61075
Quick;350;3602;3343
Fusion;350;1290;2512
Heap;350;2518;6905
Bubble;350;30153;61075
Insert;350;30153;30495
Select;350;344;61075
Quick;350;2480;2798
Fusion;350;1309;2522
Heap;350;2500;6927
Bubble;350;30385;61075
Insert;350;30385;30729
Select;350;342;61075
Quick;350;3322;3208
Fusion;350;1318;2544
Heap;350;2538;6975
Bubble;350;30154;61075
Insert;350;30154;30496
Select;350;342;61075
Quick;350;3586;3408
Fusion;350;1310;2545
Heap;350;2543;6931
Bubble;360;33038;64620
Insert;360;33038;33391
Select;360;359;64620
Quick;360;2892;3087
Fusion;360;1348;2610
Heap;360;2636;7213
Bubble;360;32738;64620
Insert;360;32738;33090
Select;360;354;64620
Quick;360;3346;2955
Fusion;360;1367;2625
Heap;360;2619;7211
Bubble;360;33668;64620
Insert;360;33668;34019
Select;360;350;64620
Quick;360;3278;2995
Fusion;360;1347;2618
Heap;360;2588;7149
Bubble;360;30642;64620
Insert;360;30642;30995
Select;360;349;64620
Quick;360;3184;3322
Fusion;360;1343;2608
Heap;360;2619;7154
Bubble;360;31040;64620
Insert;360;31040;31392
Select;360;353;64620
Quick;360;4280;3882
Fusion;360;1363;2624
Heap;360;2611;7149
Bubble;360;31162;64620
Insert;360;31162;31513
Select;360;354;64620
Quick;360;3150;3211
Fusion;360;1352;2608
Heap;360;2619;7204
Bubble;360;32407;64620
Insert;360;32407;32762
Select;360;351;64620
Quick;360;2500;2825
Fusion;360;1351;2605
Heap;360;2601;7169
Bubble;360;32710;64620
Insert;360;32710;33063
Select;360;356;64620
Quick;360;2896;3053
Fusion;360;1308;2590
Heap;360;2602;7164
Bubble;360;33479;64620
Insert;360;33479;33832
Select;360;353;64620
Quick;360;2882;2989
Fusion;360;1322;2605
Heap;360;2568;7135
Bubble;360;31105;64620
Insert;360;31105;31462
Select;360;354;64620
Quick;360;2722;3134
Fusion;360;1329;2616
Heap;360;2599;7157
Bubble;370;32874;68265
Insert;370;32874;33236
Select;370;361;68265
Quick;370;3032;3670
Fusion;370;1404;2697
Heap;370;2738;7442
Bubble;370;35650;68265
Insert;370;35650;36015
Select;370;367;68265
Quick;370;3470;3346
Fusion;370;1400;2715
Heap;370;2639;7371
Bubble;370;31720;68265
Insert;370;31720;32089
Select;370;362;68265
Quick;370;2932;3681
Fusion;370;1410;2712
Heap;370;2745;7455
Bubble;370;36189;68265
Insert;370;36189;36550
Select;370;360;68265
Quick;370;3484;3180
Fusion;370;1391;2697
Heap;370;2697;7482
Bubble;370;35306;68265
Insert;370;35306;35670
Select;370;365;68265
Quick;370;3028;2973
Fusion;370;1379;2681
Heap;370;2640;7419
Bubble;370;35979;68265
Insert;370;35979;36343
Select;370;364;68265
Quick;370;3200;3303
Fusion;370;1401;2714
Heap;370;2666;7394
Bubble;370;34186;68265
Insert;370;34186;34550
Select;370;363;68265
Quick;370;3202;3106
Fusion;370;1360;2685
Heap;370;2753;7500
Bubble;370;34164;68265
Insert;370;34164;34530
Select;370;366;68265
Quick;370;2950;3317
Fusion;370;1398;2693
Heap;370;2674;7408
Bubble;370;33920;68265
Insert;370;33920;34278
Select;370;362;68265
Quick;370;4308;3380
Fusion;370;1369;2696
Heap;370;2682;7418
Bubble;370;35654;68265
Insert;370;35654;36017
Select;370;363;68265
Quick;370;3650;3377
Fusion;370;1378;2704
Heap;370;2670;7402
Bubble;380;34844;72010
Insert;380;34844;35217
Select;380;376;72010
Quick;380;2952;3184
Fusion;380;1429;2787
Heap;380;2812;7669
Bubble;380;34896;72010
Insert;380;34896;35271
Select;380;375;72010
Quick;380;3292;3265
Fusion;380;1440;2791
Heap;380;2780;7609
Bubble;380;38293;72010
Insert;380;38293;38668
Select;380;372;72010
Quick;380;3284;3919
Fusion;380;1415;2784
Heap;380;2769;7706
Bubble;380;35564;72010
Insert;380;35564;35935
Select;380;372;72010
Quick;380;3360;3148
Fusion;380;1397;2793
Heap;380;2768;7639
Bubble;380;35337;72010
Insert;380;35337;35711
Select;380;372;72010
Quick;380;4024;3674
Fusion;380;1448;2791
Heap;380;2766;7641
Bubble;380;36087;72010
Insert;380;36087;36463
Select;380;369;72010
Quick;380;2804;3460
Fusion;380;1446;2785
Heap;380;2771;7644
Bubble;380;34256;72010
Insert;380;34256;34629
Select;380;376;72010
Quick;380;3390;3303
Fusion;380;1456;2813
Heap;380;2831;7695
Bubble;380;34729;72010
Insert;380;34729;35105
Select;380;376;72010
Quick;380;3212;3512
Fusion;380;1452;2798
Heap;380;2805;7723
Bubble;380;37187;72010
Insert;380;37187;37556
Select;380;374;72010
Quick;380;4444;3778
Fusion;380;1401;2766
Heap;380;2744;7643
Bubble;380;38166;72010
Insert;380;38166;38540
Select;380;377;72010
Quick;380;3182;3745
Fusion;380;1430;2785
Heap;380;2732;7653
Bubble;390;37576;75855
Insert;390;37576;37960
Select;390;386;75855
Quick;390;3318;3208
Fusion;390;1465;2870
Heap;390;2875;7890
Bubble;390;39348;75855
Insert;390;39348;39728
Select;390;383;75855
Quick;390;3408;3612
Fusion;390;1467;2879
Heap;390;2796;7827
Bubble;390;37596;75855
Insert;390;37596;37982
Select;390;382;75855
Quick;390;3366;3390
Fusion;390;1494;2891
Heap;390;2861;7896
Bubble;390;38575;75855
Insert;390;38575;38957
Select;390;380;75855
Quick;390;3592;3346
Fusion;390;1455;2854
Heap;390;2876;7914
Bubble;390;38888;75855
Insert;390;38888;39275
Select;390;380;75855
Quick;390;3564;4050
Fusion;390;1456;2874
Heap;390;2848;7892
Bubble;390;36522;75855
Insert;390;36522;36909
Select;390;376;75855
Quick;390;3266;3754
Fusion;390;1456;2855
Heap;390;2888;7927
Bubble;390;39162;75855
Insert;390;39162;39542
Select;390;382;75855
Quick;390;3710;3451
Fusion;390;1489;2882
Heap;390;2853;7867
Bubble;390;36971;75855
Insert;390;36971;37353
Select;390;382;75855
Quick;390;4080;3993
Fusion;390;1486;2900
Heap;390;2849;7897
Bubble;390;38431;75855
Insert;390;38431;38818
Select;390;385;75855
Quick;390;3384;3805
Fusion;390;1469;2851
Heap;390;2859;7883
Bubble;390;36868;75855
Insert;390;36868;37250
Select;390;385;75855
Quick;390;3050;3331
Fusion;390;1460;2851
Heap;390;2905;7983
Bubble;400;38297;79800
Insert;400;38297;38692
Select;400;392;79800
Quick;400;4438;4459
Fusion;400;1531;2989
Heap;400;2980;8181
Bubble;400;39314;79800
Insert;400;39314;39709
Select;400;393;79800
Quick;400;2918;3342
Fusion;400;1511;2956
Heap;400;2962;8226
Bubble;400;41257;79800
Insert;400;41257;41652
Select;400;390;79800
Quick;400;2830;3655
Fusion;400;1543;2968
Heap;400;2952;8127
Bubble;400;39243;79800
Insert;400;39243;39639
Select;400;394;79800
Quick;400;3370;3529
Fusion;400;1529;2955
Heap;400;2990;8153
Bubble;400;40171;79800
Insert;400;40171;40562
Select;400;394;79800
Quick;400;4022;4065
Fusion;400;1538;2973
Heap;400;2958;8199
Bubble;400;39823;79800
Insert;400;39823;40214
Select;400;391;79800
Quick;400;3362;3708
Fusion;400;1525;2980
Heap;400;2939;8143
Bubble;400;39265;79800
Insert;400;39265;39660
Select;400;394;79800
Quick;400;3830;3838
Fusion;400;1510;2938
Heap;400;2992;8224
Bubble;400;40661;79800
Insert;400;40661;41053
Select;400;394;79800
Quick;400;4062;3871
Fusion;400;1510;2948
Heap;400;2951;8169
Bubble;400;38357;79800
Insert;400;38357;38748
Select;400;395;79800
Quick;400;3860;3581
Fusion;400;1526;2951
Heap;400;2995;8173
Bubble;400;39580;79800
Insert;400;39580;39976
Select;400;392;79800
Quick;400;3280;3481
Fusion;400;1502;2964
Heap;400;2987;8191
Bubble;410;41982;83845
Insert;410;41982;42389
Select;410;404;83845
Quick;410;3604;4273
Fusion;410;1573;3054
Heap;410;3071;8438
Bubble;410;39787;83845
Insert;410;39787;40193
Select;410;403;83845
Quick;410;4656;4475
Fusion;410;1567;3055
Heap;410;3062;8366
Bubble;410;44728;83845
Insert;410;44728;45130
Select;410;404;83845
Quick;410;3726;3720
Fusion;410;1565;3045
Heap;410;3006;8398
Bubble;410;39191;83845
Insert;410;39191;39592
Select;410;403;83845
Quick;410;3852;3691
Fusion;410;1606;3069
Heap;410;3110;8443
Bubble;410;41922;83845
Insert;410;41922;42326
Select;410;406;83845
Quick;410;3490;3774
Fusion;410;1576;3055
Heap;410;3007;8365
Bubble;410;43710;83845
Insert;410;43710;44115
Select;410;406;83845
Quick;410;3256;3749
Fusion;410;1538;3035
Heap;410;2998;8351
Bubble;410;40459;83845
Insert;410;40459;40865
Select;410;399;83845
Quick;410;4698;3894
Fusion;410;1571;3055
Heap;410;3091;8475
Bubble;410;43812;83845
Insert;410;43812;44216
Select;410;407;83845
Quick;410;3348;3575
Fusion;410;1574;3059
Heap;410;3045;8402
Bubble;410;41293;83845
Insert;410;41293;41696
Select;410;401;83845
Quick;410;4948;4037
Fusion;410;1568;3059
Heap;410;3052;8430
Bubble;410;45840;83845
Insert;410;45840;46245
Select;410;402;83845
Quick;410;3538;3514
Fusion;410;1580;3067
Heap;410;3003;8396
Bubble;420;47368;87990
Insert;420;47368;47780
Select;420;415;87990
Quick;420;3708;3978
Fusion;420;1617;3143
Heap;420;3067;8604
Bubble;420;44418;87990
Insert;420;44418;44827
Select;420;413;87990
Quick;420;4982;4112
Fusion;420;1598;3132
Heap;420;3103;8647
Bubble;420;44602;87990
Insert;420;44602;45015
Select;420;416;87990
Quick;420;3572;3651
Fusion;420;1628;3143
Heap;420;3127;8633
Bubble;420;45165;87990
Insert;420;45165;45580
Select;420;412;87990
Quick;420;3118;3874
Fusion;420;1623;3139
Heap;420;3170;8634
Bubble;420;44480;87990
Insert;420;44480;44894
Select;420;416;87990
Quick;420;3932;3881
Fusion;420;1601;3149
Heap;420;3121;8658
Bubble;420;41175;87990
Insert;420;41175;41590
Select;420;414;87990
Quick;420;3940;3746
Fusion;420;1615;3143
Heap;420;3196;8732
Bubble;420;44308;87990
Insert;420;44308;44718
Select;420;414;87990
Quick;420;4124;3902
Fusion;420;1612;3134
Heap;420;3078;8545
Bubble;420;44638;87990
Insert;420;44638;45054
Select;420;415;87990
Quick;420;3090;3838
Fusion;420;1616;3148
Heap;420;3130;8705
Bubble;420;45261;87990
Insert;420;45261;45673
Select;420;412;87990
Quick;420;4470;4003
Fusion;420;1632;3147
Heap;420;3104;8607
Bubble;420;44510;87990
Insert;420;44510;44925
Select;420;416;87990
Quick;420;4002;4297
Fusion;420;1637;3157
Heap;420;3143;8681
Bubble;430;46509;92235
Insert;430;46509;46928
Select;430;423;92235
Quick;430;4710;3937
Fusion;430;1665;3214
Heap;430;3205;8935
Bubble;430;44992;92235
Insert;430;44992;45416
Select;430;420;92235
Quick;430;3416;4611
Fusion;430;1669;3239
Heap;430;3236;8916
Bubble;430;48849;92235
Insert;430;48849;49271
Select;430;420;92235
Quick;430;5046;4397
Fusion;430;1651;3232
Heap;430;3181;8869
Bubble;430;44336;92235
Insert;430;44336;44755
Select;430;423;92235
Quick;430;3694;3917
Fusion;430;1673;3223
Heap;430;3217;8861
Bubble;430;45141;92235
Insert;430;45141;45562
Select;430;421;92235
Quick;430;3820;3862
Fusion;430;1665;3210
Heap;430;3288;9011
Bubble;430;46316;92235
Insert;430;46316;46739
Select;430;422;92235
Quick;430;5210;4570
Fusion;430;1652;3210
Heap;430;3256;8963
Bubble;430;45570;92235
Insert;430;45570;45990
Select;430;424;92235
Quick;430;4092;3698
Fusion;430;1670;3228
Heap;430;3213;8899
Bubble;430;46933;92235
Insert;430;46933;47353
Select;430;423;92235
Quick;430;4458;3956
Fusion;430;1655;3214
Heap;430;3215;8887
Bubble;430;43545;92235
Insert;430;43545;43973
Select;430;426;92235
Quick;430;3422;4054
Fusion;430;1661;3223
Heap;430;3258;8926
Bubble;430;49625;92235
Insert;430;49625;50046
Select;430;423;92235
Quick;430;4514;4044
Fusion;430;1638;3204
Heap;430;3161;8871
Bubble;440;48816;96580
Insert;440;48816;49248
Select;440;431;96580
Quick;440;4910;4135
Fusion;440;1700;3337
Heap;440;3275;9128
Bubble;440;49029;96580
Insert;440;49029;49462
Select;440;437;96580
Quick;440;3906;3903
Fusion;440;1681;3309
Heap;440;3308;9198
Bubble;440;48902;96580
Insert;440;48902;49336
Select;440;436;96580
Quick;440;4094;4177
Fusion;440;1692;3320
Heap;440;3309;9145
Bubble;440;50427;96580
Insert;440;50427;50862
Select;440;433;96580
Quick;440;5220;4534
Fusion;440;1670;3295
Heap;440;3264;9122
Bubble;440;48396;96580
Insert;440;48396;48833
Select;440;436;96580
Quick;440;5708;5126
Fusion;440;1684;3314
Heap;440;3266;9124
Bubble;440;50225;96580
Insert;440;50225;50659
Select;440;432;96580
Quick;440;3476;3926
Fusion;440;1694;3325
Heap;440;3274;9140
Bubble;440;47353;96580
Insert;440;47353;47786
Select;440;435;96580
Quick;440;4114;4303
Fusion;440;1693;3306
Heap;440;3326;9160
Bubble;440;48825;96580
Insert;440;48825;49258
Select;440;427;96580
Quick;440;3380;3599
Fusion;440;1714;3330
Heap;440;3282;9141
Bubble;440;48896;96580
Insert;440;48896;49333
Select;440;434;96580
Quick;440;3626;3923
Fusion;440;1716;3319
Heap;440;3288;9125
Bubble;440;47253;96580
Insert;440;47253;47685
Select;440;433;96580
Quick;440;4614;4207
Fusion;440;1698;3317
Heap;440;3358;9206
Bubble;450;51412;101025
Insert;450;51412;51858
Select;450;445;101025
Quick;450;3834;3963
Fusion;450;1739;3419
Heap;450;3332;9285
Bubble;450;52204;101025
Insert;450;52204;52645
Select;450;445;101025
Quick;450;4664;4408
Fusion;450;1747;3403
Heap;450;3381;9385
Bubble;450;49272;101025
Insert;450;49272;49717
Select;450;446;101025
Quick;450;3378;3884
Fusion;450;1752;3408
Heap;450;3405;9411
Bubble;450;52260;101025
Insert;450;52260;52700
Select;450;448;101025
Quick;450;5108;4383
Fusion;450;1732;3398
Heap;450;3374;9398
Bubble;450;51440;101025
Insert;450;51440;51883
Select;450;442;101025
Quick;450;3960;4193
Fusion;450;1795;3422
Heap;450;3399;9389
Bubble;450;51551;101025
Insert;450;51551;51993
Select;450;441;101025
Quick;450;4908;4142
Fusion;450;1768;3409
Heap;450;3400;9453
Bubble;450;49321;101025
Insert;450;49321;49764
Select;450;445;101025
Quick;450;4634;4290
Fusion;450;1715;3375
Heap;450;3377;9372
Bubble;450;48771;101025
Insert;450;48771;49217
Select;450;443;101025
Quick;450;4426;4463
Fusion;450;1746;3411
Heap;450;3442;9435
Bubble;450;50813;101025
Insert;450;50813;51260
Select;450;439;101025
Quick;450;3440;4379
Fusion;450;1761;3418
Heap;450;3363;9406
Bubble;450;52587;101025
Insert;450;52587;53031
Select;450;447;101025
Quick;450;3602;4665
Fusion;450;1745;3431
Heap;450;3387;9452
Bubble;460;56070;105570
Insert;460;56070;56525
Select;460;456;105570
Quick;460;4688;4516
Fusion;460;1788;3495
Heap;460;3415;9600
Bubble;460;52976;105570
Insert;460;52976;53427
Select;460;454;105570
Quick;460;4832;4363
Fusion;460;1776;3505
Heap;460;3472;9663
Bubble;460;51018;105570
Insert;460;51018;51470
Select;460;451;105570
Quick;460;4676;4627
Fusion;460;1799;3495
Heap;460;3503;9655
Bubble;460;51385;105570
Insert;460;51385;51833
Select;460;453;105570
Quick;460;4684;4130
Fusion;460;1806;3503
Heap;460;3521;9734
Bubble;460;53960;105570
Insert;460;53960;54413
Select;460;454;105570
Quick;460;4046;4095
Fusion;460;1787;3484
Heap;460;3428;9591
Bubble;460;50797;105570
Insert;460;50797;51249
Select;460;455;105570
Quick;460;4140;4100
Fusion;460;1787;3504
Heap;460;3471;9691
Bubble;460;50962;105570
Insert;460;50962;51415
Select;460;455;105570
Quick;460;5144;4675
Fusion;460;1748;3493
Heap;460;3473;9645
Bubble;460;52701;105570
Insert;460;52701;53154
Select;460;452;105570
Quick;460;4312;4166
Fusion;460;1802;3503
Heap;460;3524;9709
Bubble;460;49063;105570
Insert;460;49063;49518
Select;460;455;105570
Quick;460;4418;4491
Fusion;460;1796;3494
Heap;460;3522;9705
Bubble;460;52827;105570
Insert;460;52827;53282
Select;460;450;105570
Quick;460;4282;4194
Fusion;460;1772;3504
Heap;460;3528;9712
Bubble;470;54852;110215
Insert;470;54852;55315
Select;470;463;110215
Quick;470;4798;5186
Fusion;470;1820;3552
Heap;470;3569;9961
Bubble;470;55905;110215
Insert;470;55905;56369
Select;470;463;110215
Quick;470;3742;4305
Fusion;470;1828;3585
Heap;470;3613;10009
Bubble;470;54758;110215
Insert;470;54758;55223
Select;470;463;110215
Quick;470;4400;4091
Fusion;470;1815;3587
Heap;470;3531;9891
Bubble;470;54859;110215
Insert;470;54859;55322
Select;470;460;110215
Quick;470;4160;4148
Fusion;470;1808;3563
Heap;470;3603;9955
Bubble;470;53911;110215
Insert;470;53911;54374
Select;470;460;110215
Quick;470;4370;4390
Fusion;470;1855;3602
Heap;470;3585;9977
Bubble;470;56545;110215
Insert;470;56545;57011
Select;470;463;110215
Quick;470;4298;4835
Fusion;470;1822;3581
Heap;470;3538;9904
Bubble;470;54807;110215
Insert;470;54807;55274
Select;470;463;110215
Quick;470;4458;4493
Fusion;470;1848;3587
Heap;470;3619;9929
Bubble;470;55099;110215
Insert;470;55099;55563
Select;470;467;110215
Quick;470;4450;5024
Fusion;470;1848;3600
Heap;470;3590;9973
Bubble;470;54516;110215
Insert;470;54516;54980
Select;470;464;110215
Quick;470;4854;4513
Fusion;470;1852;3594
Heap;470;3580;9932
Bubble;470;49712;110215
Insert;470;49712;50176
Select;470;464;110215
Quick;470;4206;4426
Fusion;470;1828;3580
Heap;470;3618;9999
Bubble;480;57968;114960
Insert;480;57968;58440
Select;480;476;114960
Quick;480;5122;4334
Fusion;480;1865;3669
Heap;480;3639;10192
Bubble;480;56690;114960
Insert;480;56690;57164
Select;480;476;114960
Quick;480;3556;4650
Fusion;480;1886;3695
Heap;480;3653;10124
Bubble;480;56917;114960
Insert;480;56917;57391
Select;480;475;114960
Quick;480;3952;4461
Fusion;480;1861;3679
Heap;480;3637;10155
Bubble;480;58369;114960
Insert;480;58369;58840
Select;480;474;114960
Quick;480;6114;5167
Fusion;480;1857;3672
Heap;480;3683;10146
Bubble;480;58042;114960
Insert;480;58042;58513
Select;480;476;114960
Quick;480;4802;4671
Fusion;480;1862;3663
Heap;480;3699;10195
Bubble;480;55256;114960
Insert;480;55256;55730
Select;480;476;114960
Quick;480;4052;4275
Fusion;480;1879;3669
Heap;480;3649;10138
Bubble;480;56165;114960
Insert;480;56165;56641
Select;480;471;114960
Quick;480;4076;4838
Fusion;480;1882;3672
Heap;480;3649;10241
Bubble;480;55311;114960
Insert;480;55311;55781
Select;480;471;114960
Quick;480;4456;4362
Fusion;480;1847;3668
Heap;480;3704;10198
Bubble;480;55153;114960
Insert;480;55153;55628
Select;480;476;114960
Quick;480;4098;4620
Fusion;480;1866;3684
Heap;480;3753;10253
Bubble;480;55522;114960
Insert;480;55522;55993
Select;480;476;114960
Quick;480;4470;4894
Fusion;480;1861;3665
Heap;480;3697;10230
Bubble;490;58199;119805
Insert;490;58199;58684
Select;490;484;119805
Quick;490;4892;5210
Fusion;490;1949;3777
Heap;490;3752;10450
Bubble;490;61513;119805
Insert;490;61513;61996
Select;490;485;119805
Quick;490;5350;4833
Fusion;490;1926;3781
Heap;490;3736;10441
Bubble;490;60561;119805
Insert;490;60561;61047
Select;490;482;119805
Quick;490;6316;5188
Fusion;490;1886;3748
Heap;490;3778;10465
Bubble;490;59684;119805
Insert;490;59684;60162
Select;490;483;119805
Quick;490;4986;4802
Fusion;490;1927;3763
Heap;490;3726;10444
Bubble;490;60306;119805
Insert;490;60306;60788
Select;490;483;119805
Quick;490;4510;4447
Fusion;490;1931;3774
Heap;490;3763;10448
Bubble;490;61567;119805
Insert;490;61567;62048
Select;490;479;119805
Quick;490;4290;4521
Fusion;490;1930;3772
Heap;490;3684;10342
Bubble;490;58360;119805
Insert;490;58360;58847
Select;490;481;119805
Quick;490;4504;4699
Fusion;490;1885;3754
Heap;490;3748;10364
Bubble;490;58948;119805
Insert;490;58948;59434
Select;490;482;119805
Quick;490;4674;4512
Fusion;490;1919;3762
Heap;490;3719;10412
Bubble;490;60316;119805
Insert;490;60316;60803
Select;490;484;119805
Quick;490;4746;5010
Fusion;490;1918;3746
Heap;490;3751;10446
Bubble;490;62872;119805
Insert;490;62872;63356
Select;490;482;119805
Quick;490;4862;4810
Fusion;490;1940;3781
Heap;490;3738;10455
Bubble;500;62399;124750
Insert;500;62399;62892
Select;500;494;124750
Quick;500;4090;4719
Fusion;500;1946;3870
Heap;500;3884;10739
Bubble;500;58668;124750
Insert;500;58668;59163
Select;500;493;124750
Quick;500;4640;4621
Fusion;500;1928;3840
Heap;500;3863;10720
Bubble;500;60896;124750
Insert;500;60896;61391
Select;500;493;124750
Quick;500;4644;4661
Fusion;500;1948;3862
Heap;500;3874;10743
Bubble;500;59812;124750
Insert;500;59812;60303
Select;500;493;124750
Quick;500;4510;4714
Fusion;500;1931;3828
Heap;500;3924;10820
Bubble;500;62925;124750
Insert;500;62925;63416
Select;500;493;124750
Quick;500;4340;4308
Fusion;500;1928;3857
Heap;500;3792;10630
Bubble;500;61234;124750
Insert;500;61234;61730
Select;500;488;124750
Quick;500;4344;4864
Fusion;500;1934;3844
Heap;500;3913;10790
Bubble;500;62770;124750
Insert;500;62770;63265
Select;500;493;124750
Quick;500;4348;5038
Fusion;500;1975;3877
Heap;500;3793;10651
Bubble;500;60554;124750
Insert;500;60554;61049
Select;500;491;124750
Quick;500;4736;5179
Fusion;500;1939;3854
Heap;500;3839;10668
Bubble;500;61420;124750
Insert;500;61420;61914
Select;500;494;124750
Quick;500;4158;4483
Fusion;500;1950;3866
Heap;500;3826;10674
Bubble;500;65202;124750
Insert;500;65202;65694
Select;500;493;124750
Quick;500;5088;4480
Fusion;500;1972;3857
Heap;500;3853;10785
